"Nom","Prenom","Poste","Photo","Equipe","Selection","Nationalite","Championnat"
"Gotze","Mario","MOC","http://2015.sofifa.org/15/players/60/192318.png","Bayern Munich","Allemagne","Allemagne","Bundesliga"
"Robben","Arjen","MDR","http://2015.sofifa.org/15/players/60/9014.png","Bayern Munich","Pays-Bas","Pays-Bas","Bundesliga"
"Lewandowski","Robert","BU","http://2015.sofifa.org/15/players/60/188545.png","Bayern Munich","Pologne","Pologne","Bundesliga"
"Muller","Thomas","MDR","http://2015.sofifa.org/15/players/60/189596.png","Bayern Munich","Allemagne","Allemagne","Bundesliga"
"Alaba","David","DG","http://2015.sofifa.org/15/players/60/197445.png","Bayern Munich","Autriche","Autriche","Bundesliga"
"Neuer","Manuel","G","http://2015.sofifa.org/15/players/60/167495.png","Bayern Munich","Allemagne","Allemagne","Bundesliga"
"Thiago","Alcantara","MC","http://2015.sofifa.org/15/players/60/189509.png","Bayern Munich",,"Espagne","Bundesliga"
"Benatia","Medhi","DC","http://2015.sofifa.org/15/players/60/177509.png","Bayern Munich",,"Maroc","Bundesliga"
"Shaqiri","Xherdan","MDR","http://2015.sofifa.org/15/players/60/193348.png","Bayern Munich","Suisse","Suisse","Bundesliga"
"Bernat","Juan","DG","http://2015.sofifa.org/15/players/60/205069.png","Bayern Munich","Espagne","Espagne","Bundesliga"
"Hojbjerg","Pierre-Emile","MC","http://2015.sofifa.org/15/players/60/213648.png","Bayern Munich","Danemark","Danemark","Bundesliga"
"Lahm","Philipp","MDC","http://2015.sofifa.org/15/players/60/121939.png","Bayern Munich",,"Allemagne","Bundesliga"
"Alonso","Xabi","MDC","http://2015.sofifa.org/15/players/60/45197.png","Bayern Munich",,"Espagne","Bundesliga"
"Ribery","Franck","MG","http://2015.sofifa.org/15/players/60/156616.png","Bayern Munich",,"France","Bundesliga"
"Boateng","Jerome","DC","http://2015.sofifa.org/15/players/60/183907.png","Bayern Munich","Allemagne","Allemagne","Bundesliga"
"Schweinsteiger","Bastian","MC","http://2015.sofifa.org/15/players/60/121944.png","Bayern Munich","Allemagne","Allemagne","Bundesliga"
"Martinez","Javi","DC","http://2015.sofifa.org/15/players/60/177610.png","Bayern Munich",,"Espagne","Bundesliga"
"Dante",,"DC","http://2015.sofifa.org/15/players/60/158625.png","Bayern Munich","Bresil","Bresil","Bundesliga"
"Rode","Sebastian","MDC","http://2015.sofifa.org/15/players/60/200215.png","Bayern Munich",,"Allemagne","Bundesliga"
"Pizarro","Claudio","BU","http://2015.sofifa.org/15/players/60/25420.png","Bayern Munich","Perou","Perou","Bundesliga"
"Reine","Jose","G","http://2015.sofifa.org/15/players/60/24630.png","Bayern Munich",,"Espagne","Bundesliga"
"Badstuber","Holger","DC","http://2015.sofifa.org/15/players/60/192620.png","Bayern Munich",,"Allemagne","Bundesliga"
"Rafinha",,"DD","http://2015.sofifa.org/15/players/60/168607.png","Bayern Munich",,"Bresil","Bundesliga"
"Weiser","Mitchell","MDR","http://2015.sofifa.org/15/players/60/206591.png","Bayern Munich",,"Allemagne","Bundesliga"
"Gaudino","Gianluca","MC","http://2015.sofifa.org/15/players/60/224925.png","Bayern Munich",,"Allemagne","Bundesliga"
"Kurt","Sinan","MG",,"Bayern Munich",,"Allemagne","Bundesliga"
"Weihrauch","Patrick","AT","http://2015.sofifa.org/15/players/60/210020.png","Bayern Munich",,"Allemagne","Bundesliga"
"Starke","Tom","G","http://2015.sofifa.org/15/players/60/107713.png","Bayern Munich",,"Allemagne","Bundesliga"
"Scholl","Lucas-Julian","MOC",,"Bayern Munich",,"Allemagne","Bundesliga"
"Zingerle","Leopold","G","http://2015.sofifa.org/15/players/60/222546.png","Bayern Munich",,"Allemagne","Bundesliga"
"Reus","Marco","MG","http://2015.sofifa.org/15/players/60/188350.png","BV 09 Borussia Dortmund","Allemagne","Allemagne","Bundesliga"
"Immobile","Ciro","BU","http://2015.sofifa.org/15/players/60/192387.png","BV 09 Borussia Dortmund","Italie","Italie","Bundesliga"
"Gundogan","Ilkay","MC","http://2015.sofifa.org/15/players/60/186942.png","BV 09 Borussia Dortmund",,"Allemagne","Bundesliga"
"Aubameyang","Pierre-Emerick","MDR","http://2015.sofifa.org/15/players/60/188567.png","BV 09 Borussia Dortmund",,"Gabon","Bundesliga"
"Hummels","Mats","DC","http://2015.sofifa.org/15/players/60/178603.png","BV 09 Borussia Dortmund","Allemagne","Allemagne","Bundesliga"
"Ginter","Matthias","DC","http://2015.sofifa.org/15/players/60/207862.png","BV 09 Borussia Dortmund","Allemagne","Allemagne","Bundesliga"
"Kagawa","Shinji","MOC","http://2015.sofifa.org/15/players/60/189358.png","BV 09 Borussia Dortmund",,"Japon","Bundesliga"
"Durm","Erik","DG","http://2015.sofifa.org/15/players/60/207920.png","BV 09 Borussia Dortmund","Allemagne","Allemagne","Bundesliga"
"Ramos","Adrian","BU","http://2015.sofifa.org/15/players/60/176619.png","BV 09 Borussia Dortmund","Colombie","Colombie","Bundesliga"
"Piszczek","Lukasz","DD","http://2015.sofifa.org/15/players/60/173771.png","BV 09 Borussia Dortmund","Pologne","Pologne","Bundesliga"
"Sokratis","Papastathopoulos","DC","http://2015.sofifa.org/15/players/60/172879.png","BV 09 Borussia Dortmund","Grece","Grece","Bundesliga"
"Blaszczykowski","Jakub","MDR","http://2015.sofifa.org/15/players/60/164994.png","BV 09 Borussia Dortmund",,"Pologne","Bundesliga"
"Mkhitaryan","Henrikh","MOC","http://2015.sofifa.org/15/players/60/192883.png","BV 09 Borussia Dortmund",,"Armenie","Bundesliga"
"Sarr","Marian","DC","http://2015.sofifa.org/15/players/60/212628.png","BV 09 Borussia Dortmund",,"Allemagne","Bundesliga"
"Subotic","Neven","DC","http://2015.sofifa.org/15/players/60/183556.png","BV 09 Borussia Dortmund",,"Serbie","Bundesliga"
"Bender","Sven","MDC","http://2015.sofifa.org/15/players/60/177458.png","BV 09 Borussia Dortmund",,"Allemagne","Bundesliga"
"Sahin","Nuri","MC","http://2015.sofifa.org/15/players/60/170797.png","BV 09 Borussia Dortmund",,"Turquie","Bundesliga"
"Jojic","Milos","MC","http://2015.sofifa.org/15/players/60/221838.png","BV 09 Borussia Dortmund",,"Serbie","Bundesliga"
"Ji","Dong Won","MOC","http://2015.sofifa.org/15/players/60/199266.png","BV 09 Borussia Dortmund","Coree du Sud","Coree du Sud","Bundesliga"
"Grosskreutz","Kevin","DD","http://2015.sofifa.org/15/players/60/188352.png","BV 09 Borussia Dortmund","Allemagne","Allemagne","Bundesliga"
"Schmelzer","Marcel","DG","http://2015.sofifa.org/15/players/60/188802.png","BV 09 Borussia Dortmund",,"Allemagne","Bundesliga"
"Weidenfeller","Roman","G","http://2015.sofifa.org/15/players/60/2196.png","BV 09 Borussia Dortmund","Allemagne","Allemagne","Bundesliga"
"Kehl","Sebastian","MDC","http://2015.sofifa.org/15/players/60/5485.png","BV 09 Borussia Dortmund",,"Allemagne","Bundesliga"
"Langerak","Mitchell","G","http://2015.sofifa.org/15/players/60/182435.png","BV 09 Borussia Dortmund","Australie","Australie","Bundesliga"
"Amini","Mustafa","MC","http://2015.sofifa.org/15/players/60/199002.png","BV 09 Borussia Dortmund",,"Australie","Bundesliga"
"Kirch","Oliver","MDC","http://2015.sofifa.org/15/players/60/122048.png","BV 09 Borussia Dortmund",,"Allemagne","Bundesliga"
"Maruoka","Mitsuro","MOC","http://2015.sofifa.org/15/players/60/225205.png","BV 09 Borussia Dortmund",,"Japon","Bundesliga"
"Hornschuh","Marc","DD","http://2015.sofifa.org/15/players/60/190826.png","BV 09 Borussia Dortmund",,"Allemagne","Bundesliga"
"Alomerovic","Zlatan","G","http://2015.sofifa.org/15/players/60/208764.png","BV 09 Borussia Dortmund",,"Allemagne","Bundesliga"
"Bandowski","Jannik","DG","http://2015.sofifa.org/15/players/60/216535.png","BV 09 Borussia Dortmund",,"Allemagne","Bundesliga"
"Harder","Tammo","MG","http://2015.sofifa.org/15/players/60/222270.png","BV 09 Borussia Dortmund",,"Allemagne","Bundesliga"
"Narey","Khaled","DD","http://2015.sofifa.org/15/players/60/225206.png","BV 09 Borussia Dortmund",,"Allemagne","Bundesliga"
"Gyau","Joseph-Claude","MG","http://2015.sofifa.org/15/players/60/207892.png","BV 09 Borussia Dortmund",,"Etats-Unis","Bundesliga"
"Hazard","Thorgan","MOC","http://2015.sofifa.org/15/players/60/203486.png","Borussia Monchengladbach",,"Belgique","Bundesliga"
"Kramer","Christoph","MDC","http://2015.sofifa.org/15/players/60/204024.png","Borussia Monchengladbach","Allemagne","Allemagne","Bundesliga"
"Xhaka","Granit","MC","http://2015.sofifa.org/15/players/60/199503.png","Borussia Monchengladbach","Suisse","Suisse","Bundesliga"
"Hahn","Andre","MDR","http://2015.sofifa.org/15/players/60/211862.png","Borussia Monchengladbach",,"Allemagne","Bundesliga"
"Herrmann","Patrick","MDR","http://2015.sofifa.org/15/players/60/198077.png","Borussia Monchengladbach",,"Allemagne","Bundesliga"
"Raffael",,"AT","http://2015.sofifa.org/15/players/60/144622.png","Borussia Monchengladbach",,"Bresil","Bundesliga"
"Kruse","Max","AT","http://2015.sofifa.org/15/players/60/183574.png","Borussia Monchengladbach",,"Allemagne","Bundesliga"
"Sommer","Yann","G","http://2015.sofifa.org/15/players/60/177683.png","Borussia Monchengladbach","Suisse","Suisse","Bundesliga"
"Hrgota","Branimir","AT","http://2015.sofifa.org/15/players/60/209504.png","Borussia Monchengladbach","Suede","Suede","Bundesliga"
"Johnson","Fabian","DD","http://2015.sofifa.org/15/players/60/177159.png","Borussia Monchengladbach","Etats-Unis","Etats-Unis","Bundesliga"
"Dominguez","Alvaro","DC","http://2015.sofifa.org/15/players/60/190150.png","Borussia Monchengladbach",,"Espagne","Bundesliga"
"Traore","Ibrahima","MG","http://2015.sofifa.org/15/players/60/183909.png","Borussia Monchengladbach",,"Guinee","Bundesliga"
"Nordtveit","Havard","MDC","http://2015.sofifa.org/15/players/60/182888.png","Borussia Monchengladbach","Norvege","Norvege","Bundesliga"
"Blaswich","Janis","G","http://2015.sofifa.org/15/players/60/204092.png","Borussia Monchengladbach",,"Allemagne","Bundesliga"
"Wendt","Oscar","DG","http://2015.sofifa.org/15/players/60/144429.png","Borussia Monchengladbach",,"Suede","Bundesliga"
"Stranzl","Martin","DC","http://2015.sofifa.org/15/players/60/1611.png","Borussia Monchengladbach",,"Autriche","Bundesliga"
"Daerms","Filip","DG","http://2015.sofifa.org/15/players/60/125071.png","Borussia Monchengladbach",,"Belgique","Bundesliga"
"Korb","Julian","DD","http://2015.sofifa.org/15/players/60/204307.png","Borussia Monchengladbach",,"Allemagne","Bundesliga"
"Jantschke","Tony","DC","http://2015.sofifa.org/15/players/60/190520.png","Borussia Monchengladbach",,"Allemagne","Bundesliga"
"Brouwers","Roel","DC","http://2015.sofifa.org/15/players/60/138532.png","Borussia Monchengladbach",,"Pays-Bas","Bundesliga"
"Brandenburger","Nico","MC","http://2015.sofifa.org/15/players/60/212383.png","Borussia Monchengladbach",,"Allemagne","Bundesliga"
"Heimeroth","Christofer","G","http://2015.sofifa.org/15/players/60/115888.png","Borussia Monchengladbach",,"Allemagne","Bundesliga"
"Zimmermann","Matthias","DD","http://2015.sofifa.org/15/players/60/192567.png","Borussia Monchengladbach",,"Allemagne","Bundesliga"
"Dahoud","Mahmoud","MDC","http://2015.sofifa.org/15/players/60/218339.png","Borussia Monchengladbach",,"Allemagne","Bundesliga"
"Marx","Thorben","MDC","http://2015.sofifa.org/15/players/60/45721.png","Borussia Monchengladbach",,"Allemagne","Bundesliga"
"Mero","Joel","DC","http://2015.sofifa.org/15/players/60/216654.png","Borussia Monchengladbach",,"Finlande","Bundesliga"
"Schulz","Marvin","DC","http://2015.sofifa.org/15/players/60/223756.png","Borussia Monchengladbach",,"Allemagne","Bundesliga"
"Ritter","Marlon","MOC","http://2015.sofifa.org/15/players/60/223755.png","Borussia Monchengladbach",,"Allemagne","Bundesliga"
"Mehmedi","Admir","AT","http://2015.sofifa.org/15/players/60/188770.png","SC Fribourg","Suisse","Suisse","Bundesliga"
"Burki","Roman","G","http://2015.sofifa.org/15/players/60/189117.png","SC Fribourg","Suisse","Suisse","Bundesliga"
"Gunter","Christian","DG","http://2015.sofifa.org/15/players/60/209846.png","SC Fribourg",,"Allemagne","Bundesliga"
"Darida","Vladimir","MC","http://2015.sofifa.org/15/players/60/201262.png","SC Fribourg","Republique Tcheque","Republique Tcheque","Bundesliga"
"Kempf","Marc-Oliver","DC","http://2015.sofifa.org/15/players/60/210719.png","SC Fribourg",,"Allemagne","Bundesliga"
"Mitrovic","Stefan","DC","http://2015.sofifa.org/15/players/60/209547.png","SC Fribourg",,"Serbie","Bundesliga"
"Schmid","Jonathan","MDR","http://2015.sofifa.org/15/players/60/201982.png","SC Fribourg",,"France","Bundesliga"
"Riether","Sascha","DD","http://2015.sofifa.org/15/players/60/111206.png","SC Fribourg",,"Allemagne","Bundesliga"
"Philipp","Maximilian","AT","http://2015.sofifa.org/15/players/60/216497.png","SC Fribourg",,"Allemagne","Bundesliga"
"Krmas","Pavel","DC","http://2015.sofifa.org/15/players/60/180942.png","SC Fribourg",,"Republique Tcheque","Bundesliga"
"Klaus","Felix","MDR","http://2015.sofifa.org/15/players/60/202088.png","SC Fribourg",,"Allemagne","Bundesliga"
"Torrejon","Marc","DC","http://2015.sofifa.org/15/players/60/173179.png","SC Fribourg",,"Espagne","Bundesliga"
"Sorg","Oliver","DD","http://2015.sofifa.org/15/players/60/201016.png","SC Fribourg",,"Allemagne","Bundesliga"
"Mujdza","Mensur","DD","http://2015.sofifa.org/15/players/60/192754.png","SC Fribourg",,"Bosnie-Herzegovine","Bundesliga"
"Guede","Karim","BU","http://2015.sofifa.org/15/players/60/177036.png","SC Fribourg",,"Slovaquie","Bundesliga"
"Hohn","Immanuel","DC","http://2015.sofifa.org/15/players/60/205588.png","SC Fribourg",,"Allemagne","Bundesliga"
"Jullien","Christopher","DC","http://2015.sofifa.org/15/players/60/208615.png","SC Fribourg",,"France","Bundesliga"
"Mielitz","Sebastian","G","http://2015.sofifa.org/15/players/60/193312.png","SC Fribourg",,"Allemagne","Bundesliga"
"Schuster","Julian","MDC","http://2015.sofifa.org/15/players/60/177520.png","SC Fribourg",,"Allemagne","Bundesliga"
"Frantz","Mike","MDC","http://2015.sofifa.org/15/players/60/190671.png","SC Fribourg",,"Allemagne","Bundesliga"
"Schahin","Dani","BU","http://2015.sofifa.org/15/players/60/192645.png","SC Fribourg",,"Allemagne","Bundesliga"
"Batz","Daniel","G","http://2015.sofifa.org/15/players/60/199803.png","SC Fribourg",,"Allemagne","Bundesliga"
"Kerk","Sebastian","MG","http://2015.sofifa.org/15/players/60/212249.png","SC Fribourg",,"Allemagne","Bundesliga"
"Hofler","Nicolas","MDC","http://2015.sofifa.org/15/players/60/199897.png","SC Fribourg",,"Allemagne","Bundesliga"
"Freis","Sebastian","BU","http://2015.sofifa.org/15/players/60/165176.png","SC Fribourg",,"Allemagne","Bundesliga"
"Zulechner","Philipp","BU","http://2015.sofifa.org/15/players/60/216186.png","SC Fribourg",,"Autriche","Bundesliga"
"Stanko","Caleb","MDC","http://2015.sofifa.org/15/players/60/216501.png","SC Fribourg",,"Etats-Unis","Bundesliga"
"Perger","Denis","DG",,"SC Fribourg",,"Slovenie","Bundesliga"
"Lasogga","Pierre-Michel","BU","http://2015.sofifa.org/15/players/60/198196.png","Hambourg SV",,"Allemagne","Bundesliga"
"Green","Julian","AID","http://2015.sofifa.org/15/players/60/212192.png","Hambourg SV","Etats-Unis","Etats-Unis","Bundesliga"
"Holtby","Lewis","MOC","http://2015.sofifa.org/15/players/60/188154.png","Hambourg SV",,"Allemagne","Bundesliga"
"van der Vaart","Rafael","MOC","http://2015.sofifa.org/15/players/60/45574.png","Hambourg SV",,"Pays-Bas","Bundesliga"
"Behrami","Valon","MDC","http://2015.sofifa.org/15/players/60/161805.png","Hambourg SV","Suisse","Suisse","Bundesliga"
"Adler","Rene","G","http://2015.sofifa.org/15/players/60/121933.png","Hambourg SV",,"Allemagne","Bundesliga"
"Cleber",,"DC","http://2015.sofifa.org/15/players/60/208895.png","Hambourg SV",,"Bresil","Bundesliga"
"Muller","Nicolai","MDR","http://2015.sofifa.org/15/players/60/183871.png","Hambourg SV",,"Allemagne","Bundesliga"
"Jansen","Marcell","DG","http://2015.sofifa.org/15/players/60/164493.png","Hambourg SV",,"Allemagne","Bundesliga"
"Djourou","Johan","DC","http://2015.sofifa.org/15/players/60/162893.png","Hambourg SV","Suisse","Suisse","Bundesliga"
"Arslan","Tolgay","MC","http://2015.sofifa.org/15/players/60/190761.png","Hambourg SV",,"Allemagne","Bundesliga"
"Diekmeier","Dennis","DD","http://2015.sofifa.org/15/players/60/189388.png","Hambourg SV",,"Allemagne","Bundesliga"
"Beister","Maximilian","MDR","http://2015.sofifa.org/15/players/60/193426.png","Hambourg SV",,"Allemagne","Bundesliga"
"Ilicevic","Ivo","MG","http://2015.sofifa.org/15/players/60/177398.png","Hambourg SV",,"Croatie","Bundesliga"
"Rudnevs","Artjoms","BU","http://2015.sofifa.org/15/players/60/192302.png","Hambourg SV",,"Lettonie","Bundesliga"
"Drobny","Jaroslav","G","http://2015.sofifa.org/15/players/60/150278.png","Hambourg SV",,"Republique Tcheque","Bundesliga"
"Rajkovic","Slobodan","DC","http://2015.sofifa.org/15/players/60/183606.png","Hambourg SV",,"Serbie","Bundesliga"
"Stieber","Zoltan","MDR","http://2015.sofifa.org/15/players/60/179712.png","Hambourg SV","Hongrie","Hongrie","Bundesliga"
"Westermann","Heiko","DC","http://2015.sofifa.org/15/players/60/52270.png","Hambourg SV",,"Allemagne","Bundesliga"
"Kacar","Gojko","MDC","http://2015.sofifa.org/15/players/60/186687.png","Hambourg SV",,"Serbie","Bundesliga"
"Jiracek","Petr","MG","http://2015.sofifa.org/15/players/60/190873.png","Hambourg SV",,"Republique Tcheque","Bundesliga"
"Ostrzolek","Matthias","DG","http://2015.sofifa.org/15/players/60/202115.png","Hambourg SV",,"Allemagne","Bundesliga"
"Steinmann","Matti","MC","http://2015.sofifa.org/15/players/60/210698.png","Hambourg SV",,"Allemagne","Bundesliga"
"Nafiu","Valmir","AT","http://2015.sofifa.org/15/players/60/213800.png","Hambourg SV",,"Macedoine","Bundesliga"
"Gotz","Ashton","DD","http://2015.sofifa.org/15/players/60/208945.png","Hambourg SV",,"Allemagne","Bundesliga"
"Jung","Gideon","MDC","http://2015.sofifa.org/15/players/60/223751.png","Hambourg SV",,"Allemagne","Bundesliga"
"Muller","Philipp","AID","http://2015.sofifa.org/15/players/60/224090.png","Hambourg SV",,"Allemagne","Bundesliga"
"Brunst","Alexander","G","http://2015.sofifa.org/15/players/60/223925.png","Hambourg SV",,"Allemagne","Bundesliga"
"Cigerci","Tolcay","MOC","http://2015.sofifa.org/15/players/60/224518.png","Hambourg SV",,"Turquie","Bundesliga"
"Kalas","Tomas","DC","http://2015.sofifa.org/15/players/60/201122.png","1. FC Cologne",,"Republique Tcheque","Bundesliga"
"Finne","Bard","BU","http://2015.sofifa.org/15/players/60/209264.png","1. FC Cologne",,"Norvege","Bundesliga"
"Horm","Timo","G","http://2015.sofifa.org/15/players/60/200316.png","1. FC Cologne",,"Allemagne","Bundesliga"
"Helmes","Patrick","BU","http://2015.sofifa.org/15/players/60/167237.png","1. FC Cologne",,"Allemagne","Bundesliga"
"Gerhardt","Yannick","MC","http://2015.sofifa.org/15/players/60/212245.png","1. FC Cologne",,"Allemagne","Bundesliga"
"Peszko","Slawomir","MG","http://2015.sofifa.org/15/players/60/148564.png","1. FC Cologne",,"Pologne","Bundesliga"
"Vogt","Kevin","MDC","http://2015.sofifa.org/15/players/60/192641.png","1. FC Cologne",,"Allemagne","Bundesliga"
"Ujah","Anthony","BU","http://2015.sofifa.org/15/players/60/198554.png","1. FC Cologne",,"Nigeria","Bundesliga"
"Zoller","Simon","BU","http://2015.sofifa.org/15/players/60/198554.png","1. FC Cologne",,"Allemagne","Bundesliga"
"Brecko","Miso","DD","http://2015.sofifa.org/15/players/60/158444.png","1. FC Cologne","Slovenie","Slovenie","Bundesliga"
"Wimmer","Kevin","DC","http://2015.sofifa.org/15/players/60/209997.png","1. FC Cologne",,"Autriche","Bundesliga"
"Matuschyk","Adam","MDC","http://2015.sofifa.org/15/players/60/192471.png","1. FC Cologne",,"Pologne","Bundesliga"
"Maroh","Dominic","DC","http://2015.sofifa.org/15/players/60/190670.png","1. FC Cologne","Slovenie","Slovenie","Bundesliga"
"Risse","Marcel","MDR","http://2015.sofifa.org/15/players/60/189234.png","1. FC Cologne",,"Allemagne","Bundesliga"
"Osako","Yuya","BU","http://2015.sofifa.org/15/players/60/191565.png","1. FC Cologne",,"Japon","Bundesliga"
"Halfar","Daniel","MG","http://2015.sofifa.org/15/players/60/175996.png","1. FC Cologne",,"Allemagne","Bundesliga"
"Mavraj","Mergim","DC","http://2015.sofifa.org/15/players/60/182713.png","1. FC Cologne",,"Albanie","Bundesliga"
"Broker","Thomas","MG","http://2015.sofifa.org/15/players/60/158667.png","1. FC Cologne",,"Allemagne","Bundesliga"
"Svento","Dusan","DG","http://2015.sofifa.org/15/players/60/181274.png","1. FC Cologne",,"Slovaquie","Bundesliga"
"Olkowski","Pawel","DD","http://2015.sofifa.org/15/players/60/204687.png","1. FC Cologne","Pologne","Pologne","Bundesliga"
"Kessler","Thomas","G","http://2015.sofifa.org/15/players/60/158657.png","1. FC Cologne",,"Allemagne","Bundesliga"
"Golobart","Roman","DC","http://2015.sofifa.org/15/players/60/194080.png","1. FC Cologne",,"Espagne","Bundesliga"
"Lehmann","Matthias","MDC","http://2015.sofifa.org/15/players/60/52498.png","1. FC Cologne",,"Allemagne","Bundesliga"
"Nagasawa","Kazuki","MDR","http://2015.sofifa.org/15/players/60/221425.png","1. FC Cologne",,"Japon","Bundesliga"
"Hector","Jonas","DG","http://2015.sofifa.org/15/players/60/208334.png","1. FC Cologne",,"Allemagne","Bundesliga"
"Schuten","Marcel","G","http://2015.sofifa.org/15/players/60/209987.png","1. FC Cologne",,"Allemagne","Bundesliga"
"Cueto","Lucas","AIG","http://2015.sofifa.org/15/players/60/224335.png","1. FC Cologne",,"Allemagne","Bundesliga"
"Mesenholer","Daniel","G","http://2015.sofifa.org/15/players/60/222484.png","1. FC Cologne",,"Allemagne","Bundesliga"
"Brandt","Julian","AIG","http://2015.sofifa.org/15/players/60/212194.png","TSV Bayer 04 Leverkusen",,"Allemagne","Bundesliga"
"Calhanoglu","Hakan","MOC","http://2015.sofifa.org/15/players/60/208128.png","TSV Bayer 04 Leverkusen",,"Turquie","Bundesliga"
"Oztunali","Levin","MDC","http://2015.sofifa.org/15/players/60/213134.png","TSV Bayer 04 Leverkusen",,"Allemagne","Bundesliga"
"Son","Heung Min","AIG","http://2015.sofifa.org/15/players/60/200104.png","TSV Bayer 04 Leverkusen","Coree du Sud","Coree du Sud","Bundesliga"
"Papadopoulos","Kyriakos","DC","http://2015.sofifa.org/15/players/60/184477.png","TSV Bayer 04 Leverkusen","Grece","Grece","Bundesliga"
"Leno","Bernd","G","http://2015.sofifa.org/15/players/60/192563.png","TSV Bayer 04 Leverkusen",,"Allemagne","Bundesliga"
"Bellarabi","Karim","MDR","http://2015.sofifa.org/15/players/60/202857.png","TSV Bayer 04 Leverkusen",,"Allemagne","Bundesliga"
"Drmic","Josip","BU","http://2015.sofifa.org/15/players/60/198504.png","TSV Bayer 04 Leverkusen","Suisse","Suisse","Bundesliga"
"Bender","Lars","MC","http://2015.sofifa.org/15/players/60/177457.png","TSV Bayer 04 Leverkusen",,"Allemagne","Bundesliga"
"Jedvaj","Tin","DD","http://2015.sofifa.org/15/players/60/215930.png","TSV Bayer 04 Leverkusen",,"Croatie","Bundesliga"
"Kiessling","Stefan","BU","http://2015.sofifa.org/15/players/60/137262.png","TSV Bayer 04 Leverkusen",,"Allemagne","Bundesliga"
"Toprak","Omer","DC","http://2015.sofifa.org/15/players/60/185239.png","TSV Bayer 04 Leverkusen",,"Turquie","Bundesliga"
"Castro","Gonzalo","MC","http://2015.sofifa.org/15/players/60/167431.png","TSV Bayer 04 Leverkusen",,"Allemagne","Bundesliga"
"Reinartz","Stefan","MDC","http://2015.sofifa.org/15/players/60/189246.png","TSV Bayer 04 Leverkusen",,"Allemagne","Bundesliga"
"Kruse","Robbie","MDR","http://2015.sofifa.org/15/players/60/182440.png","TSV Bayer 04 Leverkusen","Australie","Australie","Bundesliga"
"Spahic","Emir","DC","http://2015.sofifa.org/15/players/60/141200.png","TSV Bayer 04 Leverkusen",,"Bosnie-Herzegovine","Bundesliga"
"Donati","Giulio","DD","http://2015.sofifa.org/15/players/60/197786.png","TSV Bayer 04 Leverkusen",,"Italie","Bundesliga"
"Rolfes","Simon","MDC","http://2015.sofifa.org/15/players/60/121122.png","TSV Bayer 04 Leverkusen",,"Allemagne","Bundesliga"
"Wendell",,"DG","http://2015.sofifa.org/15/players/60/216466.png","TSV Bayer 04 Leverkusen",,"Bresil","Bundesliga"
"Boenish","Sebastian","DG","http://2015.sofifa.org/15/players/60/176688.png","TSV Bayer 04 Leverkusen",,"Pologne","Bundesliga"
"Hilbert","Roberto","DD","http://2015.sofifa.org/15/players/60/176688.png","TSV Bayer 04 Leverkusen",,"Allemagne","Bundesliga"
"Kresic","Dario","G","http://2015.sofifa.org/15/players/60/137637.png","TSV Bayer 04 Leverkusen",,"Croatie","Bundesliga"
"Yelldell","David","G","http://2015.sofifa.org/15/players/60/162927.png","TSV Bayer 04 Leverkusen",,"Etats-Unis","Bundesliga"
"Yurchenko","Vladen","MOC","http://2015.sofifa.org/15/players/60/223759.png","TSV Bayer 04 Leverkusen",,"Ukraine","Bundesliga"
"Lomb","Nicklas","G","http://2015.sofifa.org/15/players/60/210366.png","TSV Bayer 04 Leverkusen",,"Allemagne","Bundesliga"
"Frey","Marlon","MDC",,"TSV Bayer 04 Leverkusen",,"Allemagne","Bundesliga"
"Boeder","Lukas","DC",,"TSV Bayer 04 Leverkusen",,"Allemagne","Bundesliga"
"Meyer","Maximilian","MOC","http://2015.sofifa.org/15/players/60/212150.png","FC Schalke 04",,"Allemagne","Bundesliga"
"Draxler","Julian","MG","http://2015.sofifa.org/15/players/60/202166.png","FC Schalke 04","Allemagne","Allemagne","Bundesliga"
"Goretzka","Leon","MDR","http://2015.sofifa.org/15/players/60/209658.png","FC Schalke 04",,"Allemagne","Bundesliga"
"Huntelaar","Klaas-Jan","BU","http://2015.sofifa.org/15/players/60/148803.png","FC Schalke 04","Pays-Bas","Pays-Bas","Bundesliga"
"Boateng","Kevin-Prince","MC","http://2015.sofifa.org/15/players/60/173909.png","FC Schalke 04",,"Ghana","Bundesliga"
"Ayhan","Kaan","DC","http://2015.sofifa.org/15/players/60/207790.png","FC Schalke 04",,"Turquie","Bundesliga"
"Howedes","Benedikt","DC","http://2015.sofifa.org/15/players/60/179784.png","FC Schalke 04","Allemagne","Allemagne","Bundesliga"
"Avdijaj","Donis","BU","http://2015.sofifa.org/15/players/60/221896.png","FC Schalke 04",,"Albanie","Bundesliga"
"Farfan","Jefferson","MDR","http://2015.sofifa.org/15/players/60/158133.png","FC Schalke 04",,"Perou","Bundesliga"
"Matip","Joel","DC","http://2015.sofifa.org/15/players/60/197061.png","FC Schalke 04","Cameroun","Cameroun","Bundesliga"
"Choupo-Moting","Eric Maxim","MG","http://2015.sofifa.org/15/players/60/183569.png","FC Schalke 04","Cameroun","Cameroun","Bundesliga"
"Sam","Sidney","AID","http://2015.sofifa.org/15/players/60/177934.png","FC Schalke 04",,"Allemagne","Bundesliga"
"Santana","Felipe","DC","http://2015.sofifa.org/15/players/60/176957.png","FC Schalke 04",,"Bresil","Bundesliga"
"Fuchs","Christian","DG","http://2015.sofifa.org/15/players/60/139313.png","FC Schalke 04","Autriche","Autriche","Bundesliga"
"Kolasinac","Sead","DG","http://2015.sofifa.org/15/players/60/207993.png","FC Schalke 04",,"Bosnie-Herzegovine","Bundesliga"
"Kirchhoff","Jan","DC","http://2015.sofifa.org/15/players/60/190752.png","FC Schalke 04",,"Allemagne","Bundesliga"
"Uchida","Atsuto","DD","http://2015.sofifa.org/15/players/60/191541.png","FC Schalke 04",,"Japon","Bundesliga"
"Aogo","Dennis","DG","http://2015.sofifa.org/15/players/60/164491.png","FC Schalke 04",,"Allemagne","Bundesliga"
"Hoger","Marco","MDC","http://2015.sofifa.org/15/players/60/198113.png","FC Schalke 04",,"Allemagne","Bundesliga"
"Fahrmann","Ralf","G","http://2015.sofifa.org/15/players/60/179783.png","FC Schalke 04",,"Allemagne","Bundesliga"
"Barnetta","Tranquillo","MG","http://2015.sofifa.org/15/players/60/52752.png","FC Schalke 04","Suisse","Suisse","Bundesliga"
"Neustadter","Roman","MDC","http://2015.sofifa.org/15/players/60/186296.png","FC Schalke 04",,"Allemagne","Bundesliga"
"Giefer","Fabian","G","http://2015.sofifa.org/15/players/60/193222.png","FC Schalke 04",,"Allemagne","Bundesliga"
"Obasi","Chinedu","MDR","http://2015.sofifa.org/15/players/60/164478.png","FC Schalke 04",,"Nigeria","Bundesliga"
"Friedrich","Marvin","DC","http://2015.sofifa.org/15/players/60/222493.png","FC Schalke 04",,"Allemagne","Bundesliga"
"Clemens","Christian","MG","http://2015.sofifa.org/15/players/60/193098.png","FC Schalke 04",,"Allemagne","Bundesliga"
"Sane","Leroy","MOC","http://2015.sofifa.org/15/players/60/222492.png","FC Schalke 04",,"Allemagne","Bundesliga"
"Wetklo","Christian","G","http://2015.sofifa.org/15/players/60/114126.png","FC Schalke 04",,"Allemagne","Bundesliga"
"Sobottka","Marcel","MDC","http://2015.sofifa.org/15/players/60/221753.png","FC Schalke 04",,"Allemagne","Bundesliga"
"Klingenburg","Rene","MDR","http://2015.sofifa.org/15/players/60/212481.png","FC Schalke 04",,"Allemagne","Bundesliga"
"Wellenreuther","Timon","G","http://2015.sofifa.org/15/players/60/223686.png","FC Schalke 04",,"Allemagne","Bundesliga"
"Itter","Pascal","DD","http://2015.sofifa.org/15/players/60/212241.png","FC Schalke 04",,"Allemagne","Bundesliga"
"Borgmann","Axel","DG","http://2015.sofifa.org/15/players/60/224661.png","FC Schalke 04",,"Allemagne","Bundesliga"
"Werner","Timo","MG","http://2015.sofifa.org/15/players/60/212188.png","VfB Stuttgart",,"Allemagne","Bundesliga"
"Rudiger","Antonio","DC","http://2015.sofifa.org/15/players/60/205452.png","VfB Stuttgart","Allemagne","Allemagne","Bundesliga"
"Leitner","Moritz","MC","http://2015.sofifa.org/15/players/60/200857.png","VfB Stuttgart",,"Allemagne","Bundesliga"
"Romeu","Oriol","MDC","http://2015.sofifa.org/15/players/60/199576.png","VfB Stuttgart",,"Espagne","Bundesliga"
"Maxim","Alexandru","MOC","http://2015.sofifa.org/15/players/60/211061.png","VfB Stuttgart","Roumanie","Roumanie","Bundesliga"
"Ibisevic","Vedad","BU","http://2015.sofifa.org/15/players/60/162369.png","VfB Stuttgart",,"Bosnie-Herzegovine","Bundesliga"
"Ginczek","Daniel","BU","http://2015.sofifa.org/15/players/60/192445.png","VfB Stuttgart",,"Allemagne","Bundesliga"
"Ulreich","Sven","G","http://2015.sofifa.org/15/players/60/186569.png","VfB Stuttgart",,"Allemagne","Bundesliga"
"Kostic","Filip","AIG","http://2015.sofifa.org/15/players/60/208574.png","VfB Stuttgart",,"Serbie","Bundesliga"
"Harnik","Martin","MDR","http://2015.sofifa.org/15/players/60/177666.png","VfB Stuttgart","Autriche","Autriche","Bundesliga"
"Sakai","Gotoku","DG","http://2015.sofifa.org/15/players/60/207472.png","VfB Stuttgart",,"Japon","Bundesliga"
"Abdellaoue","Mohammed","BU","http://2015.sofifa.org/15/players/60/184010.png","VfB Stuttgart","Norvege","Norvege","Bundesliga"
"Gentner","Christian","MC","http://2015.sofifa.org/15/players/60/158856.png","VfB Stuttgart",,"Allemagne","Bundesliga"
"Gruezo","Carlos","MDC","http://2015.sofifa.org/15/players/60/221860.png","VfB Stuttgart","Equateur","Equateur","Bundesliga"
"Didavi","Daniel","MOC","http://2015.sofifa.org/15/players/60/193886.png","VfB Stuttgart",,"Allemagne","Bundesliga"
"Klein","Florian","DD","http://2015.sofifa.org/15/players/60/161857.png","VfB Stuttgart","Autriche","Autriche","Bundesliga"
"Sararer","Sercan","MDR","http://2015.sofifa.org/15/players/60/189077.png","VfB Stuttgart",,"Turquie","Bundesliga"
"Schwaab","Daniel","DC","http://2015.sofifa.org/15/players/60/183426.png","VfB Stuttgart",,"Allemagne","Bundesliga"
"Rausch","Konstantin","DG","http://2015.sofifa.org/15/players/60/186274.png","VfB Stuttgart",,"Allemagne","Bundesliga"
"Holzhauser","Raphael","MC","http://2015.sofifa.org/15/players/60/204493.png","VfB Stuttgart",,"Autriche","Bundesliga"
"Haggui","Karim","DC","http://2015.sofifa.org/15/players/60/156256.png","VfB Stuttgart",,"Tunisie","Bundesliga"
"Hlousek","Adam","MG","http://2015.sofifa.org/15/players/60/181205.png","VfB Stuttgart",,"Republique Tcheque","Bundesliga"
"Kirschbaum","Thorsten","G","http://2015.sofifa.org/15/players/60/182743.png","VfB Stuttgart",,"Allemagne","Bundesliga"
"Vlachodimos","Odisseas","G","http://2015.sofifa.org/15/players/60/211990.png","VfB Stuttgart",,"Allemagne","Bundesliga"
"Niedermeier","Georg","DC","http://2015.sofifa.org/15/players/60/189922.png","VfB Stuttgart",,"Allemagne","Bundesliga"
"Yalcin","Robin","MDC","http://2015.sofifa.org/15/players/60/211987.png","VfB Stuttgart",,"Allemagne","Bundesliga"
"Berko","Erich","MG","http://2015.sofifa.org/15/players/60/212000.png","VfB Stuttgart",,"Allemagne","Bundesliga"
"Mwene","Philipp","DD","http://2015.sofifa.org/15/players/60/216275.png","VfB Stuttgart",,"Autriche","Bundesliga"
"Leibold","Tim","DG","http://2015.sofifa.org/15/players/60/221201.png","VfB Stuttgart",,"Allemagne","Bundesliga"
"Baumgartl","Timo","DC","http://2015.sofifa.org/15/players/60/223641.png","VfB Stuttgart",,"Allemagne","Bundesliga"
"Hajrovic","Izet","MDR","http://2015.sofifa.org/15/players/60/193780.png","Werder Breme",,"Bosnie-Herzegovine","Bundesliga"
"Selke","Davie","BU","http://2015.sofifa.org/15/players/60/212626.png","Werder Breme",,"Allemagne","Bundesliga"
"Elia","Eljero","MG","http://2015.sofifa.org/15/players/60/172049.png","Werder Breme",,"Pays-Bas","Bundesliga"
"Caldirola","Luca","DC","http://2015.sofifa.org/15/players/60/199776.png","Werder Breme",,"Italie","Bundesliga"
"Kroos","Felix","MDC","http://2015.sofifa.org/15/players/60/191066.png","Werder Breme",,"Allemagne","Bundesliga"
"Di Santo","Franco","BU","http://2015.sofifa.org/15/players/60/186405.png","Werder Breme",,"Argentine","Bundesliga"
"Obraniak","Ludovic","MOC","http://2015.sofifa.org/15/players/60/138066.png","Werder Breme",,"Pologne","Bundesliga"
"Junuzovic","Zlatko","MC","http://2015.sofifa.org/15/players/60/173474.png","Werder Breme","Autriche","Autriche","Bundesliga"
"Petersen","Nils","BU","http://2015.sofifa.org/15/players/60/183580.png","Werder Breme",,"Allemagne","Bundesliga"
"Prodl","Sebastian","DC","http://2015.sofifa.org/15/players/60/177578.png","Werder Breme","Autriche","Autriche","Bundesliga"
"Aycicek","Levent","MOC","http://2015.sofifa.org/15/players/60/209988.png","Werder Breme",,"Allemagne","Bundesliga"
"Yildirim","Ozkan","MOC","http://2015.sofifa.org/15/players/60/204436.png","Werder Breme",,"Allemagne","Bundesliga"
"Lukimya","Assani","DC","http://2015.sofifa.org/15/players/60/184852.png","Werder Breme",,"Republique Democratique du Congo","Bundesliga"
"Galvez","Alejandro","DC","http://2015.sofifa.org/15/players/60/199487.png","Werder Breme",,"Espagne","Bundesliga"
"Fritz","Clemens","DD","http://2015.sofifa.org/15/players/60/101336.png","Werder Breme",,"Allemagne","Bundesliga"
"Garcia","Santiago","DG","http://2015.sofifa.org/15/players/60/200278.png","Werder Breme",,"Argentine","Bundesliga"
"Husic","Raif","G","http://2015.sofifa.org/15/players/60/222695.png","Werder Breme",,"Allemagne","Bundesliga"
"Gebre Selassie","Theodor","MDR","http://2015.sofifa.org/15/players/60/186330.png","Werder Breme",,"Republique Tcheque","Bundesliga"
"Makiadi","Cedric","MDC","http://2015.sofifa.org/15/players/60/53815.png","Werder Breme",,"Republique Democratique du Congo","Bundesliga"
"Bartels","Fin","MG","http://2015.sofifa.org/15/players/60/183332.png","Werder Breme",,"Allemagne","Bundesliga"
"Strebinger","Richard","G","http://2015.sofifa.org/15/players/60/209990.png","Werder Breme",,"Autriche","Bundesliga"
"Wolf","Raphael","G","http://2015.sofifa.org/15/players/60/186941.png","Werder Breme",,"Allemagne","Bundesliga"
"Bargfrede","Philipp","MDC","http://2015.sofifa.org/15/players/60/193311.png","Werder Breme",,"Allemagne","Bundesliga"
"Zander","Luca-Milan","DD","http://2015.sofifa.org/15/players/60/222773.png","Werder Breme",,"Allemagne","Bundesliga"
"Lorenzen","Melvyn","BU",,"Werder Breme",,"Allemagne","Bundesliga"
"Busch","Marnon","DD",,"Werder Breme",,"Allemagne","Bundesliga"
"von Haacke","Julian","MDC","http://2015.sofifa.org/15/players/60/220558.png","Werder Breme",,"Allemagne","Bundesliga"
"Husing","Oliver","DC","http://2015.sofifa.org/15/players/60/222521.png","Werder Breme",,"Allemagne","Bundesliga"
"Stocker","Valentin","MG","http://2015.sofifa.org/15/players/60/183187.png","Hertha BSC Berlin",,"Suisse","Bundesliga"
"Ronny",,"MOC","http://2015.sofifa.org/15/players/60/169126.png","Hertha BSC Berlin",,"Bresil","Bundesliga"
"Kalou","Salomon","BU","http://2015.sofifa.org/15/players/60/158232.png","Hertha BSC Berlin","Cote d'Ivoire","Cote d'Ivoire","Bundesliga"
"Brooks","John","DC","http://2015.sofifa.org/15/players/60/204082.png","Hertha BSC Berlin","Etats-Unis","Etats-Unis","Bundesliga"
"Heitinga","John","DC","http://2015.sofifa.org/15/players/60/49425.png","Hertha BSC Berlin",,"Pays-Bas","Bundesliga"
"Schieber","Julian","BU","http://2015.sofifa.org/15/players/60/190664.png","Hertha BSC Berlin",,"Allemagne","Bundesliga"
"Schulz","Nico","MG","http://2015.sofifa.org/15/players/60/200536.png","Hertha BSC Berlin",,"Allemagne","Bundesliga"
"Skjelbred","Per","MC","http://2015.sofifa.org/15/players/60/152996.png","Hertha BSC Berlin","Norvege","Norvege","Bundesliga"
"Kraft","Thomas","G","http://2015.sofifa.org/15/players/60/179954.png","Hertha BSC Berlin",,"Allemagne","Bundesliga"
"Mukhtar","Hany","MOC","http://2015.sofifa.org/15/players/60/210021.png","Hertha BSC Berlin",,"Allemagne","Bundesliga"
"Plattenhardt","Marvin","DG","http://2015.sofifa.org/15/players/60/192557.png","Hertha BSC Berlin",,"Allemagne","Bundesliga"
"Jarstein","Rune","G","http://2015.sofifa.org/15/players/60/104389.png","Hertha BSC Berlin","Norvege","Norvege","Bundesliga"
"Ben-Hatira","Anis","MG","http://2015.sofifa.org/15/players/60/176627.png","Hertha BSC Berlin",,"Tunisie","Bundesliga"
"Cigerci","Tolga","MC","http://2015.sofifa.org/15/players/60/200754.png","Hertha BSC Berlin",,"Turquie","Bundesliga"
"Hosogai","Hajime","MDC","http://2015.sofifa.org/15/players/60/181106.png","Hertha BSC Berlin",,"Japon","Bundesliga"
"Pekarik","Peter","DD","http://2015.sofifa.org/15/players/60/190854.png","Hertha BSC Berlin",,"Slovaquie","Bundesliga"
"Lustenberger","Fabian","DC","http://2015.sofifa.org/15/players/60/177019.png","Hertha BSC Berlin",,"Suisse","Bundesliga"
"Beerens","Roy","MDR","http://2015.sofifa.org/15/players/60/169978.png","Hertha BSC Berlin",,"Pays-Bas","Bundesliga"
"Hegeler","Jens","MC","http://2015.sofifa.org/15/players/60/189235.png","Hertha BSC Berlin",,"Allemagne","Bundesliga"
"Wagner","Sandro","BU","http://2015.sofifa.org/15/players/60/184069.png","Hertha BSC Berlin",,"Allemagne","Bundesliga"
"Ndjeng","Marcel","DD","http://2015.sofifa.org/15/players/60/150514.png","Hertha BSC Berlin",,"Cameroun","Bundesliga"
"Niemeyer","Peter","MDC","http://2015.sofifa.org/15/players/60/54018.png","Hertha BSC Berlin",,"Allemagne","Bundesliga"
"Baumjohann","Alexander","MOC","http://2015.sofifa.org/15/players/60/162223.png","Hertha BSC Berlin",,"Allemagne","Bundesliga"
"van der Bergh","Johannes","DG","http://2015.sofifa.org/15/players/60/183490.png","Hertha BSC Berlin",,"Allemagne","Bundesliga"
"Janker","Christoph","DC","http://2015.sofifa.org/15/players/60/156443.png","Hertha BSC Berlin",,"Allemagne","Bundesliga"
"Haraguchi","Genki","MG","http://2015.sofifa.org/15/players/60/217648.png","Hertha BSC Berlin",,"Japon","Bundesliga"
"Langkamp","Sebastian","DC","http://2015.sofifa.org/15/players/60/183568.png","Hertha BSC Berlin",,"Allemagne","Bundesliga"
"Burchet","Sascha","G","http://2015.sofifa.org/15/players/60/189061.png","Hertha BSC Berlin",,"Allemagne","Bundesliga"
"Gersbeck","Marius","G","http://2015.sofifa.org/15/players/60/213573.png","Hertha BSC Berlin",,"Allemagne","Bundesliga"
"Andrich","Robert","MDC","http://2015.sofifa.org/15/players/60/212242.png","Hertha BSC Berlin",,"Allemagne","Bundesliga"
"Duricic","Filip","MOC","http://2015.sofifa.org/15/players/60/193881.png","1. FSV Mayence 05",,"Serbie","Bundesliga"
"Geis","Johannes","MDC","http://2015.sofifa.org/15/players/60/202087.png","1. FSV Mayence 05",,"Allemagne","Bundesliga"
"Cheol Koo","Ja","MOC","http://2015.sofifa.org/15/players/60/182152.png","1. FSV Mayence 05","Coree du Sud","Coree du Sud","Bundesliga"
"Okazaki","Shinji","BU","http://2015.sofifa.org/15/players/60/194365.png","1. FSV Mayence 05",,"Japon","Bundesliga"
"Kapino","Stefanos","G","http://2015.sofifa.org/15/players/60/205878.png","1. FSV Mayence 05","Grece","Grece","Bundesliga"
"Hofmann","Jonas","MDR","http://2015.sofifa.org/15/players/60/210324.png","1. FSV Mayence 05",,"Allemagne","Bundesliga"
"Karius","Loris","G","http://2015.sofifa.org/15/players/60/203775.png","1. FSV Mayence 05",,"Allemagne","Bundesliga"
"Diaz","Junior","DG","http://2015.sofifa.org/15/players/60/188013.png","1. FSV Mayence 05",,"Costa Rica","Bundesliga"
"Jara","Gonzalo","DD","http://2015.sofifa.org/15/players/60/194795.png","1. FSV Mayence 05","Chili","Chili","Bundesliga"
"Jairo",,"MDR","http://2015.sofifa.org/15/players/60/205869.png","1. FSV Mayence 05",,"Espagne","Bundesliga"
"Wollscheid","Philipp","DC","http://2015.sofifa.org/15/players/60/198202.png","1. FSV Mayence 05",,"Allemagne","Bundesliga"
"Baumgartlinger","Julian","MDC","http://2015.sofifa.org/15/players/60/189606.png","1. FSV Mayence 05","Autriche","Autriche","Bundesliga"
"Soto","Elkin","MC","http://2015.sofifa.org/15/players/60/168561.png","1. FSV Mayence 05",,"Colombie","Bundesliga"
"Malli","Yunus","MOC","http://2015.sofifa.org/15/players/60/192565.png","1. FSV Mayence 05",,"Allemagne","Bundesliga"
"Park","Joo Ho","DG","http://2015.sofifa.org/15/players/60/191566.png","1. FSV Mayence 05","Coree du Sud","Coree du Sud","Bundesliga"
"Noveski","Nikolce","DC","http://2015.sofifa.org/15/players/60/116620.png","1. FSV Mayence 05",,"Macedoine","Bundesliga"
"Bell","Stefan","DC","http://2015.sofifa.org/15/players/60/198352.png","1. FSV Mayence 05",,"Allemagne","Bundesliga"
"Allagui","Sami","MDR","http://2015.sofifa.org/15/players/60/168950.png","1. FSV Mayence 05",,"Tunisie","Bundesliga"
"Koch","Julian","MDC","http://2015.sofifa.org/15/players/60/193313.png","1. FSV Mayence 05",,"Allemagne","Bundesliga"
"Moritz","Christoph","MC","http://2015.sofifa.org/15/players/60/194089.png","1. FSV Mayence 05",,"Allemagne","Bundesliga"
"Sliskovic","Petar","BU","http://2015.sofifa.org/15/players/60/198195.png","1. FSV Mayence 05",,"Croatie","Bundesliga"
"Nedelev","Todor","MDR","http://2015.sofifa.org/15/players/60/216477.png","1. FSV Mayence 05","Bulgarie","Bulgarie","Bundesliga"
"Brosinski","Daniel","DD","http://2015.sofifa.org/15/players/60/189043.png","1. FSV Mayence 05",,"Allemagne","Bundesliga"
"Bungert","Niko","DC","http://2015.sofifa.org/15/players/60/175962.png","1. FSV Mayence 05",,"Allemagne","Bundesliga"
"Saller","Benedikt","MC","http://2015.sofifa.org/15/players/60/210004.png","1. FSV Mayence 05",,"Allemagne","Bundesliga"
"Pflucke","Patrick","MOC","http://2015.sofifa.org/15/players/60/224252.png","1. FSV Mayence 05",,"Allemagne","Bundesliga"
"Schilk","Tobias","DD","http://2015.sofifa.org/15/players/60/204762.png","1. FSV Mayence 05",,"Allemagne","Bundesliga"
"Parker","Devante","MG","http://2015.sofifa.org/15/players/60/224253.png","1. FSV Mayence 05",,"Allemagne","Bundesliga"
"Zentner","Robin","G","http://2015.sofifa.org/15/players/60/224251.png","1. FSV Mayence 05",,"Allemagne","Bundesliga"
"Rossbach","Damian","DG","http://2015.sofifa.org/15/players/60/224250.png","1. FSV Mayence 05",,"Allemagne","Bundesliga"
"De Blasis","Pablo","MOC",,"1. FSV Mayence 05",,"Argentine","Bundesliga"
"Rodriguez","Ricardo","DG","http://2015.sofifa.org/15/players/60/193352.png","VfL Wolfsbourg","Suisse","Suisse","Bundesliga"
"Malanda","Junior","MDC","http://2015.sofifa.org/15/players/60/210248.png","VfL Wolfsbourg",,"Belgique","Bundesliga"
"De Bruyne","Kevin","MOC","http://2015.sofifa.org/15/players/60/192985.png","VfL Wolfsbourg","Belgique","Belgique","Bundesliga"
"Bendtner","Nicklas","BU","http://2015.sofifa.org/15/players/60/167706.png","VfL Wolfsbourg","Danemark","Danemark","Bundesliga"
"Gustavo","Luiz","MDC","http://2015.sofifa.org/15/players/60/185221.png","VfL Wolfsbourg","Bresil","Bresil","Bundesliga"
"Jung","Sebastian","DD","http://2015.sofifa.org/15/players/60/192658.png","VfL Wolfsbourg",,"Allemagne","Bundesliga"
"Perisic","Ivan","MG","http://2015.sofifa.org/15/players/60/181458.png","VfL Wolfsbourg",,"Croatie","Bundesliga"
"Guilavogui","Josuha","MDC","http://2015.sofifa.org/15/players/60/198118.png","VfL Wolfsbourg",,"France","Bundesliga"
"Benaglio","Diego","G","http://2015.sofifa.org/15/players/60/115533.png","VfL Wolfsbourg",,"Suisse","Bundesliga"
"Arnold","Maximilian","MOC","http://2015.sofifa.org/15/players/60/206511.png","VfL Wolfsbourg",,"Allemagne","Bundesliga"
"Vieirinha",,"MDR","http://2015.sofifa.org/15/players/60/177553.png","VfL Wolfsbourg","Portugal","Portugal","Bundesliga"
"Olic","Ivica","BU","http://2015.sofifa.org/15/players/60/148138.png","VfL Wolfsbourg",,"Croatie","Bundesliga"
"Naldo",,"DC","http://2015.sofifa.org/15/players/60/171919.png","VfL Wolfsbourg",,"Bresil","Bundesliga"
"Knoche","Robin","DC","http://2015.sofifa.org/15/players/60/203030.png","VfL Wolfsbourg",,"Allemagne","Bundesliga"
"Dost","Bas","BU","http://2015.sofifa.org/15/players/60/189068.png","VfL Wolfsbourg",,"Pays-Bas","Bundesliga"
"Hunt","Aaron","MOC","http://2015.sofifa.org/15/players/60/158138.png","VfL Wolfsbourg",,"Allemagne","Bundesliga"
"Trasch","Christian","DD","http://2015.sofifa.org/15/players/60/186912.png","VfL Wolfsbourg",,"Allemagne","Bundesliga"
"Klich","Mateusz","MC","http://2015.sofifa.org/15/players/60/192955.png","VfL Wolfsbourg",,"Pologne","Bundesliga"
"Schafer","Marcel","DG","http://2015.sofifa.org/15/players/60/155408.png","VfL Wolfsbourg",,"Allemagne","Bundesliga"
"Klose","Timm","DC","http://2015.sofifa.org/15/players/60/199383.png","VfL Wolfsbourg",,"Suisse","Bundesliga"
"Ochs","Patrick","DD","http://2015.sofifa.org/15/players/60/150532.png","VfL Wolfsbourg",,"Allemagne","Bundesliga"
"Caligiuri","Daniel","MG","http://2015.sofifa.org/15/players/60/197083.png","VfL Wolfsbourg",,"Allemagne","Bundesliga"
"Felipe",,"DC","http://2015.sofifa.org/15/players/60/184820.png","VfL Wolfsbourg",,"Bresil","Bundesliga"
"Thoelke","Bjarne","DC","http://2015.sofifa.org/15/players/60/205096.png","VfL Wolfsbourg",,"Allemagne","Bundesliga"
"Grun","Max","G","http://2015.sofifa.org/15/players/60/194050.png","VfL Wolfsbourg",,"Allemagne","Bundesliga"
"Drewes","Patrick","G","http://2015.sofifa.org/15/players/60/210772.png","VfL Wolfsbourg",,"Allemagne","Bundesliga"
"Seguin","Paul","MDC","http://2015.sofifa.org/15/players/60/221885.png","VfL Wolfsbourg",,"Allemagne","Bundesliga"
"Sprenger","Moritz","DC","http://2015.sofifa.org/15/players/60/221663.png","VfL Wolfsbourg",,"Allemagne","Bundesliga"
"Zawada","Oskar","BU",,"VfL Wolfsbourg",,"Pologne","Bundesliga"
"Bittencourt","Leonardo","MG","http://2015.sofifa.org/15/players/60/203106.png","Hanovre 96",,"Allemagne","Bundesliga"
"Zieler","Ron-Robert","G","http://2015.sofifa.org/15/players/60/186148.png","Hanovre 96","Allemagne","Allemagne","Bundesliga"
"Joselu",,"BU","http://2015.sofifa.org/15/players/60/173608.png","Hanovre 96",,"Espagne","Bundesliga"
"Stindl","Lars","MDR","http://2015.sofifa.org/15/players/60/187072.png","Hanovre 96",,"Allemagne","Bundesliga"
"Kiyotake","Hiroshi","MOC","http://2015.sofifa.org/15/players/60/210126.png","Hanovre 96",,"Japon","Bundesliga"
"Briand","Jimmy","BU","http://2015.sofifa.org/15/players/60/134779.png","Hanovre 96",,"France","Bundesliga"
"Hoffmann","Andre","DC","http://2015.sofifa.org/15/players/60/199779.png","Hanovre 96",,"Allemagne","Bundesliga"
"Albornoz","Miiko","DD","http://2015.sofifa.org/15/players/60/192128.png","Hanovre 96",,"Chili","Bundesliga"
"Pander","Christian","DG","http://2015.sofifa.org/15/players/60/150368.png","Hanovre 96",,"Allemagne","Bundesliga"
"Andreasen","Leon","MDC","http://2015.sofifa.org/15/players/60/130687.png","Hanovre 96",,"Danemark","Bundesliga"
"Sobiech","Artur","BU","http://2015.sofifa.org/15/players/60/189447.png","Hanovre 96",,"Pologne","Bundesliga"
"Almer","Robert","G","http://2015.sofifa.org/15/players/60/163810.png","Hanovre 96","Autriche","Autriche","Bundesliga"
"Schmiedebach","Manuel","MDC","http://2015.sofifa.org/15/players/60/193420.png","Hanovre 96",,"Allemagne","Bundesliga"
"Gulselam","Ceyhun","MDC","http://2015.sofifa.org/15/players/60/180409.png","Hanovre 96",,"Turquie","Bundesliga"
"Sakai","Hiroki","DD","http://2015.sofifa.org/15/players/60/208520.png","Hanovre 96",,"Japon","Bundesliga"
"Marcelo",,"DC","http://2015.sofifa.org/15/players/60/180334.png","Hanovre 96",,"Bresil","Bundesliga"
"Sane","Salif","DC","http://2015.sofifa.org/15/players/60/201956.png","Hanovre 96",,"Senegal","Bundesliga"
"Schlaudraff","Jan","MDR","http://2015.sofifa.org/15/players/60/126925.png","Hanovre 96",,"Allemagne","Bundesliga"
"Stankevicius","Marius","DC","http://2015.sofifa.org/15/players/60/49025.png","Hanovre 96",,"Lituanie","Bundesliga"
"Miller","Markus","G","http://2015.sofifa.org/15/players/60/101875.png","Hanovre 96",,"Allemagne","Bundesliga"
"Dierssen","Tim","MOC","http://2015.sofifa.org/15/players/60/221827.png","Hanovre 96",,"Allemagne","Bundesliga"
"Rankovic","Vladimir","MDR","http://2015.sofifa.org/15/players/60/212243.png","Hanovre 96",,"Allemagne","Bundesliga"
"Schulz","Christian","DC","http://2015.sofifa.org/15/players/60/121185.png","Hanovre 96",,"Allemagne","Bundesliga"
"Prib","Edgar","MC","http://2015.sofifa.org/15/players/60/192732.png","Hanovre 96",,"Allemagne","Bundesliga"
"Sulejmani","Valmir","AIG","http://2015.sofifa.org/15/players/60/220881.png","Hanovre 96",,"Allemagne","Bundesliga"
"Felipe",,"DC","http://2015.sofifa.org/15/players/60/188234.png","Hanovre 96",,"Bresil","Bundesliga"
"Karaman","Kenan","BU","http://2015.sofifa.org/15/players/60/212240.png","Hanovre 96",,"Turquie","Bundesliga"
"Thesker","Stefan","DC","http://2015.sofifa.org/15/players/60/207531.png","Hanovre 96",,"Allemagne","Bundesliga"
"Schulze","Yannik","DC","http://2015.sofifa.org/15/players/60/210720.png","Hanovre 96",,"Allemagne","Bundesliga"
"Ballas","Florian","DC","http://2015.sofifa.org/15/players/60/216284.png","Hanovre 96",,"Allemagne","Bundesliga"
"Teichgraber","Nicklas","DC","http://2015.sofifa.org/15/players/60/223650.png","Hanovre 96",,"Allemagne","Bundesliga"
"Ernst","Sebastian","MC",,"Hanovre 96",,"Allemagne","Bundesliga"
"Hirsch","Maurice","MDC",,"Hanovre 96",,"Allemagne","Bundesliga"
"Piazon","Lucas","AIG","http://2015.sofifa.org/15/players/60/203038.png","Eintracht Francfort",,"Bresil","Bundesliga"
"Trapp","Kevin","G","http://2015.sofifa.org/15/players/60/188943.png","Eintracht Francfort",,"Allemagne","Bundesliga"
"Seferovic","Haris","BU","http://2015.sofifa.org/15/players/60/193408.png","Eintracht Francfort","Suisse","Suisse","Bundesliga"
"Stendera","Marc","MOC","http://2015.sofifa.org/15/players/60/210583.png","Eintracht Francfort",,"Allemagne","Bundesliga"
"Zambrano","Carlos","DC","http://2015.sofifa.org/15/players/60/187132.png","Eintracht Francfort","Perou","Perou","Bundesliga"
"Kadlec","Vaclav","BU","http://2015.sofifa.org/15/players/60/189961.png","Eintracht Francfort",,"Republique Tcheque","Bundesliga"
"Hasebe","Makoto","MDC","http://2015.sofifa.org/15/players/60/181098.png","Eintracht Francfort",,"Japon","Bundesliga"
"Valdez","Nelson","BU","http://2015.sofifa.org/15/players/60/121193.png","Eintracht Francfort",,"Paraguay","Bundesliga"
"Oczipka","Bastian","DG","http://2015.sofifa.org/15/players/60/189390.png","Eintracht Francfort",,"Allemagne","Bundesliga"
"Meier","Alexander","MOC","http://2015.sofifa.org/15/players/60/121170.png","Eintracht Francfort",,"Allemagne","Bundesliga"
"Kittel","Sonny","MOC","http://2015.sofifa.org/15/players/60/199912.png","Eintracht Francfort",,"Allemagne","Bundesliga"
"Waldschmidt","Gian-Luca","BU","http://2015.sofifa.org/15/players/60/220085.png","Eintracht Francfort",,"Allemagne","Bundesliga"
"Medojevic","Slobodan","MDC","http://2015.sofifa.org/15/players/60/207523.png","Eintracht Francfort",,"Serbie","Bundesliga"
"Chandler","Timothy","DD","http://2015.sofifa.org/15/players/60/202316.png","Eintracht Francfort","Etats-Unis","Etats-Unis","Bundesliga"
"Wiedwald","Felix","G","http://2015.sofifa.org/15/players/60/197439.png","Eintracht Francfort",,"Allemagne","Bundesliga"
"Aigner","Stefan","MDR","http://2015.sofifa.org/15/players/60/176790.png","Eintracht Francfort",,"Allemagne","Bundesliga"
"Djakpa","Constant","DG","http://2015.sofifa.org/15/players/60/175894.png","Eintracht Francfort",,"Cote d'Ivoire","Bundesliga"
"Inui","Takashi","MG","http://2015.sofifa.org/15/players/60/205114.png","Eintracht Francfort",,"Japon","Bundesliga"
"Ignjovski","Aleksandar","DD","http://2015.sofifa.org/15/players/60/193211.png","Eintracht Francfort",,"Serbie","Bundesliga"
"Anderson","Bamba","DC","http://2015.sofifa.org/15/players/60/189488.png","Eintracht Francfort",,"Bresil","Bundesliga"
"Flum","Johannes","MDC","http://2015.sofifa.org/15/players/60/188586.png","Eintracht Francfort",,"Allemagne","Bundesliga"
"Rosenthal","Jan","AT","http://2015.sofifa.org/15/players/60/175990.png","Eintracht Francfort",,"Allemagne","Bundesliga"
"Lanig","Martin","MDC","http://2015.sofifa.org/15/players/60/135069.png","Eintracht Francfort",,"Allemagne","Bundesliga"
"Madlung","Alexander","DC","http://2015.sofifa.org/15/players/60/53967.png","Eintracht Francfort",,"Allemagne","Bundesliga"
"Russ","Marco","MDC","http://2015.sofifa.org/15/players/60/157716.png","Eintracht Francfort",,"Allemagne","Bundesliga"
"Gerezgiher","Joel","MOC","http://2015.sofifa.org/15/players/60/223904.png","Eintracht Francfort",,"Allemagne","Bundesliga"
"Zummack","Yannick","G",,"Eintracht Francfort",,"Allemagne","Bundesliga"
"Hildebrand","Timo","G","http://2015.sofifa.org/15/players/60/11769.png","Eintracht Francfort",,"Allemagne","Bundesliga"
"Kinsombi","David","DC","http://2015.sofifa.org/15/players/60/212625.png","Eintracht Francfort",,"Allemagne","Bundesliga"
"Firmino","Roberto","MOC","http://2015.sofifa.org/15/players/60/201942.png","TSG 1899 Hoffenheim",,"Bresil","Bundesliga"
"Volland","Kevin","MDR","http://2015.sofifa.org/15/players/60/200610.png","TSG 1899 Hoffenheim",,"Allemagne","Bundesliga"
"Sule","Nicklas","DC","http://2015.sofifa.org/15/players/60/212190.png","TSG 1899 Hoffenheim",,"Allemagne","Bundesliga"
"Salihovic","Sejad","MC","http://2015.sofifa.org/15/players/60/157430.png","TSG 1899 Hoffenheim",,"Bosnie-Herzegovine","Bundesliga"
"Wiese","Tim","G","http://2015.sofifa.org/15/players/60/53012.png","TSG 1899 Hoffenheim",,"Allemagne","Bundesliga"
"Casteels","Koen","G","http://2015.sofifa.org/15/players/60/192984.png","TSG 1899 Hoffenheim",,"Belgique","Bundesliga"
"Szalai","Adam","BU","http://2015.sofifa.org/15/players/60/184789.png","TSG 1899 Hoffenheim","Hongrie","Hongrie","Bundesliga"
"Rudy","Sebastian","MC","http://2015.sofifa.org/15/players/60/189251.png","TSG 1899 Hoffenheim","Allemagne","Allemagne","Bundesliga"
"Zuber","Steven","MG","http://2015.sofifa.org/15/players/60/190059.png","TSG 1899 Hoffenheim",,"Suisse","Bundesliga"
"Baumann","Oliver","G","http://2015.sofifa.org/15/players/60/193698.png","TSG 1899 Hoffenheim",,"Allemagne","Bundesliga"
"Elyounoussi","Tarik","MG","http://2015.sofifa.org/15/players/60/169317.png","TSG 1899 Hoffenheim","Norvege","Norvege","Bundesliga"
"Modeste","Anthony","BU","http://2015.sofifa.org/15/players/60/182212.png","TSG 1899 Hoffenheim",,"France","Bundesliga"
"Akpoguma","Kevin","DD","http://2015.sofifa.org/15/players/60/211856.png","TSG 1899 Hoffenheim",,"Allemagne","Bundesliga"
"Schwegler","Pirmin","MDC","http://2015.sofifa.org/15/players/60/158905.png","TSG 1899 Hoffenheim",,"Suisse","Bundesliga"
"Vestergaard","Jannick","DC","http://2015.sofifa.org/15/players/60/202849.png","TSG 1899 Hoffenheim",,"Danemark","Bundesliga"
"Hamad","Jiloan","MDR","http://2015.sofifa.org/15/players/60/187339.png","TSG 1899 Hoffenheim",,"Suede","Bundesliga"
"Polanski","Eugen","MDC","http://2015.sofifa.org/15/players/60/165174.png","TSG 1899 Hoffenheim",,"Pologne","Bundesliga"
"Beck","Andreas","DD","http://2015.sofifa.org/15/players/60/176687.png","TSG 1899 Hoffenheim",,"Allemagne","Bundesliga"
"Abraham","David","DC","http://2015.sofifa.org/15/players/60/160741.png","TSG 1899 Hoffenheim",,"Argentine","Bundesliga"
"Bicakcic","Ermin","DC","http://2015.sofifa.org/15/players/60/201860.png","TSG 1899 Hoffenheim",,"Bosnie-Herzegovine","Bundesliga"
"Strobl","Tobias","MDC","http://2015.sofifa.org/15/players/60/207894.png","TSG 1899 Hoffenheim",,"Allemagne","Bundesliga"
"Musona","Knowledge","AT","http://2015.sofifa.org/15/players/60/194171.png","TSG 1899 Hoffenheim",,"Zimbabwe","Bundesliga"
"Schipplock","Sven","BU","http://2015.sofifa.org/15/players/60/200922.png","TSG 1899 Hoffenheim",,"Allemagne","Bundesliga"
"Kim","Jin Su","DG","http://2015.sofifa.org/15/players/60/213317.png","TSG 1899 Hoffenheim",,"Coree du Sud","Bundesliga"
"Grahl","Jens","G","http://2015.sofifa.org/15/players/60/183513.png","TSG 1899 Hoffenheim",,"Allemagne","Bundesliga"
"Toljan","Jeremy","DG","http://2015.sofifa.org/15/players/60/214622.png","TSG 1899 Hoffenheim",,"Allemagne","Bundesliga"
"Stolz","Alexander","G","http://2015.sofifa.org/15/players/60/183597.png","TSG 1899 Hoffenheim",,"Allemagne","Bundesliga"
"Herdling","Kai","MG","http://2015.sofifa.org/15/players/60/53555.png","TSG 1899 Hoffenheim",,"Allemagne","Bundesliga"
"Sassi","Ahmed","MOC","http://2015.sofifa.org/15/players/60/209745.png","TSG 1899 Hoffenheim",,"Tunisie","Bundesliga"
"Haberer","Janik","BU","http://2015.sofifa.org/15/players/60/211879.png","TSG 1899 Hoffenheim",,"Allemagne","Bundesliga"
"Schwabe","Marvin","G","http://2015.sofifa.org/15/players/60/224041.png","TSG 1899 Hoffenheim",,"Allemagne","Bundesliga"
"Amiri","Nadiem","MOC",,"TSG 1899 Hoffenheim",,"Allemagne","Bundesliga"
"Meha","Alban","MG","http://2015.sofifa.org/15/players/60/203822.png","SC Paderborn 07",,"Albanie","Bundesliga"
"Kachunga","Elias","BU","http://2015.sofifa.org/15/players/60/201514.png","SC Paderborn 07",,"Allemagne","Bundesliga"
"Ducksh","Marvin","BU","http://2015.sofifa.org/15/players/60/197031.png","SC Paderborn 07",,"Allemagne","Bundesliga"
"Hunemeier","Uwe","DC","http://2015.sofifa.org/15/players/60/157703.png","SC Paderborn 07",,"Allemagne","Bundesliga"
"Lopez","Rafael","DC","http://2015.sofifa.org/15/players/60/171067.png","SC Paderborn 07",,"Espagne","Bundesliga"
"Ouali","Idir","MG","http://2015.sofifa.org/15/players/60/184927.png","SC Paderborn 07",,"France","Bundesliga"
"Bakalorz","Marvin","MDC","http://2015.sofifa.org/15/players/60/203979.png","SC Paderborn 07",,"Allemagne","Bundesliga"
"Amedick","Martin","DC","http://2015.sofifa.org/15/players/60/52998.png","SC Paderborn 07",,"Allemagne","Bundesliga"
"Stoppelkamp","Moritz","MDR","http://2015.sofifa.org/15/players/60/157528.png","SC Paderborn 07",,"Allemagne","Bundesliga"
"Vrancic","Mario","MC","http://2015.sofifa.org/15/players/60/177896.png","SC Paderborn 07",,"Bosnie-Herzegovine","Bundesliga"
"Bruckner","Daniel","DG","http://2015.sofifa.org/15/players/60/158132.png","SC Paderborn 07",,"Allemagne","Bundesliga"
"Saglik","Mahir","BU","http://2015.sofifa.org/15/players/60/122040.png","SC Paderborn 07",,"Turquie","Bundesliga"
"Wemmer","Jens","DD","http://2015.sofifa.org/15/players/60/191259.png","SC Paderborn 07",,"Allemagne","Bundesliga"
"Kruse","Lukas","G","http://2015.sofifa.org/15/players/60/121988.png","SC Paderborn 07",,"Allemagne","Bundesliga"
"Strohdiek","Christian","DC","http://2015.sofifa.org/15/players/60/183640.png","SC Paderborn 07",,"Allemagne","Bundesliga"
"Rupp","Lukas","MDR","http://2015.sofifa.org/15/players/60/200469.png","SC Paderborn 07",,"Allemagne","Bundesliga"
"Kutschke","Stefan","BU","http://2015.sofifa.org/15/players/60/216377.png","SC Paderborn 07",,"Allemagne","Bundesliga"
"Hartherz","Florian","DG","http://2015.sofifa.org/15/players/60/202512.png","SC Paderborn 07",,"Allemagne","Bundesliga"
"Bertels","Thomas","DG","http://2015.sofifa.org/15/players/60/203823.png","SC Paderborn 07",,"Allemagne","Bundesliga"
"Ziegler","Patrick","DC","http://2015.sofifa.org/15/players/60/210280.png","SC Paderborn 07",,"Allemagne","Bundesliga"
"Pepic","Mirnes","MDC","http://2015.sofifa.org/15/players/60/219449.png","SC Paderborn 07",,"Allemagne","Bundesliga"
"Luck","Daniel","G","http://2015.sofifa.org/15/players/60/212227.png","SC Paderborn 07",,"Allemagne","Bundesliga"
"Burchet","Nico","G","http://2015.sofifa.org/15/players/60/191253.png","SC Paderborn 07",,"Allemagne","Bundesliga"
"Koc","Suleyman","MDR","http://2015.sofifa.org/15/players/60/211815.png","SC Paderborn 07",,"Allemagne","Bundesliga"
"Welker","Tim","DC","http://2015.sofifa.org/15/players/60/211815.png","SC Paderborn 07",,"Allemagne","Bundesliga"
"Vucinovic","Marc","MDR","http://2015.sofifa.org/15/players/60/216386.png","SC Paderborn 07",,"Allemagne","Bundesliga"
"Heinloth","Michael","DD","http://2015.sofifa.org/15/players/60/219448.png","SC Paderborn 07",,"Allemagne","Bundesliga"
"Maier","Viktor","BU","http://2015.sofifa.org/15/players/60/223884.png","SC Paderborn 07",,"Allemagne","Bundesliga"
"Nubel","Alexander","G","http://2015.sofifa.org/15/players/60/223885.png","SC Paderborn 07",,"Allemagne","Bundesliga"
"Parker","Shawn","BU","http://2015.sofifa.org/15/players/60/204427.png","FC Augsbourg",,"Allemagne","Bundesliga"
"Verhaegh","Paul","DD","http://2015.sofifa.org/15/players/60/148839.png","FC Augsbourg","Pays-Bas","Pays-Bas","Bundesliga"
"Hong","Jeong Ho","DC","http://2015.sofifa.org/15/players/60/200588.png","FC Augsbourg",,"Coree du Sud","Bundesliga"
"Esswein","Alexander","MG","http://2015.sofifa.org/15/players/60/189272.png","FC Augsbourg",,"Allemagne","Bundesliga"
"Matavz","Tim","BU","http://2015.sofifa.org/15/players/60/181780.png","FC Augsbourg","Slovenie","Slovenie","Bundesliga"
"Durdic","Nikola","BU","http://2015.sofifa.org/15/players/60/198611.png","FC Augsbourg",,"Serbie","Bundesliga"
"Baba","Abdul","DG","http://2015.sofifa.org/15/players/60/209620.png","FC Augsbourg",,"Ghana","Bundesliga"
"Altintop","Halil","MOC","http://2015.sofifa.org/15/players/60/107651.png","FC Augsbourg",,"Turquie","Bundesliga"
"Bobadilla","Raul","BU","http://2015.sofifa.org/15/players/60/183249.png","FC Augsbourg",,"Argentine","Bundesliga"
"Manninger","Alexander","G","http://2015.sofifa.org/15/players/60/6895.png","FC Augsbourg",,"Autriche","Bundesliga"
"Klavan","Ragnar","DC","http://2015.sofifa.org/15/players/60/140620.png","FC Augsbourg",,"Estonie","Bundesliga"
"Hitz","Marwin","G","http://2015.sofifa.org/15/players/60/190243.png","FC Augsbourg","Suisse","Suisse","Bundesliga"
"Caiuby",,"MG","http://2015.sofifa.org/15/players/60/189196.png","FC Augsbourg",,"Bresil","Bundesliga"
"Baier","Daniel","MDC","http://2015.sofifa.org/15/players/60/137351.png","FC Augsbourg",,"Allemagne","Bundesliga"
"Feulner","Markus","MC","http://2015.sofifa.org/15/players/60/102356.png","FC Augsbourg",,"Allemagne","Bundesliga"
"Callsen-Bracker","Jan-Ingwer","DC","http://2015.sofifa.org/15/players/60/137449.png","FC Augsbourg",,"Allemagne","Bundesliga"
"Kohr","Dominik","MDC","http://2015.sofifa.org/15/players/60/212212.png","FC Augsbourg",,"Allemagne","Bundesliga"
"Moravek","Jan","MC","http://2015.sofifa.org/15/players/60/183220.png","FC Augsbourg",,"Republique Tcheque","Bundesliga"
"Werner","Tobias","MG","http://2015.sofifa.org/15/players/60/177100.png","FC Augsbourg",,"Allemagne","Bundesliga"
"de Jong","Marcel","DG","http://2015.sofifa.org/15/players/60/164581.png","FC Augsbourg",,"Canada","Bundesliga"
"Gelios","Ioannis","G","http://2015.sofifa.org/15/players/60/204334.png","FC Augsbourg",,"Grece","Bundesliga"
"Ekin","Arif","MG","http://2015.sofifa.org/15/players/60/216278.png","FC Augsbourg",,"Turquie","Bundesliga"
"Molders","Sascha","BU","http://2015.sofifa.org/15/players/60/183712.png","FC Augsbourg",,"Allemagne","Bundesliga"
"Reinhardt","Dominik","DD","http://2015.sofifa.org/15/players/60/137261.png","FC Augsbourg",,"Allemagne","Bundesliga"
"Philp","Ronny","DD","http://2015.sofifa.org/15/players/60/208959.png","FC Augsbourg",,"Roumanie","Bundesliga"
"Uhde","Maik","DC","http://2015.sofifa.org/15/players/60/216274.png","FC Augsbourg",,"Allemagne","Bundesliga"
"Thommy","Erik","MG","http://2015.sofifa.org/15/players/60/221797.png","FC Augsbourg",,"Allemagne","Bundesliga"
"Framberger","Raphael","DD","http://2015.sofifa.org/15/players/60/216282.png","FC Augsbourg",,"Allemagne","Bundesliga"
"Reinthaler","Max","MC",,"FC Augsbourg",,"Italie","Bundesliga"
"Schuster","Marco","MDC","http://2015.sofifa.org/15/players/60/223680.png","FC Augsbourg",,"Allemagne","Bundesliga"
"Rieder","Tim","DC","http://2015.sofifa.org/15/players/60/223679.png","FC Augsbourg",,"Allemagne","Bundesliga"
